Date,Client,Hours,Description
2026-09-28,CODOR,0.75,Responding to Sudeeps FFL number request that didnt make it into Drive
2026-09-28,INPRS,0.5,AI Governance Roadmap - Pre-work for project coordination and communication log (Microsoft Teams Meeting)
2026-09-28,INPRS,1.25,Researching project and AI tools
2026-09-22,TDH,0.5,Finding and testing MD->Jupyter script and emailing out to Natalia and Amy
2026-09-18,TDH,0.5,Python training (Microsoft Teams Meeting)
2026-09-28,CDOT,2.0,IPU Consumption Comparisons
2026-09-28,CODOR,2.5,AID Scripts Creation
2026-09-29,CODOR,1.0,AID Template Creation
2026-09-30,INPRS,1.0,"AI Governance Roadmap - Communications, Workforce, and Adoption  (INPRS 1NC 4th Fl Conf Rom 490)"
2026-09-30,INPRS,1.0,"AI Governance Roadmap - Communications, Workforce, and Adoption  (INPRS 1NC 4th Fl Conf Rom 490)"
